,Anterior Frontal Plane,Anterior Frontal Plane,Anterior Frontal Plane,Anterior Frontal Plane,Anterior Frontal Plane,Anterior Frontal Plane,Anterior Frontal Plane,Anterior Frontal Plane,Posterior Frontal Plane,Posterior Frontal Plane,Posterior Frontal Plane,Posterior Frontal Plane,Posterior Frontal Plane,Posterior Frontal Plane,Posterior Frontal Plane,Sagittal Plane Left,Sagittal Plane Left,Sagittal Plane Left,Sagittal Plane Left,Sagittal Plane Left,Sagittal Plane Right,Sagittal Plane Right,Sagittal Plane Right,Sagittal Plane Right,Sagittal Plane Right,Phase,Phase,Phase,Phase
,afLeftThigh,afLeftKnee,afLeftAnkle,afLeftFoot,afRightThigh,afRightKnee,afRightAnkle,afRightFoot,pfWaist,pfLeftFemurHead,pfLeftKnee,pfLeftAnkle,pfRightFemurHead,pfRightKnee,pfRightAnkle,LeftArm,LeftHip,LeftKnee,LeftAnkle,LeftToe,RightArm,RightHip,RightKnee,RightAnkle,RightToe,RL - T4,RL - RunLab,LL - T4,LL - RunLab
0,2.17,4.16,13.83,8.06,3.43,8.19,8.46,17.11,1.02,1.84,1.2,9.37,0.92,8.66,12.03,54.8,159.66,170.06,71.79,120.25,27.53,175.09,123.41,114.19,0.85,Initial Swing,Midswing,error,error
1,1.86,2.97,11.82,1.59,1.69,13.15,14.57,18.02,1.74,2.1,0.96,3.27,0.2,13.86,7.21,53.49,161.59,170.38,87.55,0.07,27.86,173.78,116.11,111.72,4.68,Midswing,Midswing,Loading Response,Loading Response
2,2.25,2.8,7.71,2.05,0.01,19.09,20.66,20.6,0.01,3.07,0.99,7.25,0.96,15.51,2.51,52.04,163.97,168.64,85.01,166.52,28.89,171.96,109.96,109.77,4.33,Midswing,Midswing,error,error
3,3.12,2.59,2.74,4.49,0.78,18.98,21.99,20.1,0.5,2.99,0.99,8.83,0.53,17.59,0.28,49.91,166.5,166.14,83.55,0.67,30.78,168.05,103.09,108.27,1.47,Midswing,Midswing,Loading Response,Loading Response
4,4.49,4.17,2.81,5.16,1.06,15.28,19.72,22.1,0.5,3.35,1.53,7.29,3.78,12.22,6.18,48.58,164.93,161.8,82.94,3.46,31.97,163.42,96.37,107.7,1.32,Midswing,Midswing,Loading Response,Loading Response
5,4.53,4.49,4.09,4.79,1.28,10.34,15.51,23.09,,3.39,2,2.9,5.4,8,4.9,45.5,,,,0.3,32.82,159.27,93.27,106.74,0.21,Midswing,Midswing,Loading Response,Loading Response
6,4.01,3.44,5,4.87,2.19,5.91,12.28,22.72,2.42,4.5,2.89,3.82,,,3.84,43.03,159.92,155.87,80.57,5.37,33.98,153.96,89.43,102.35,0.7,Midswing,Midswing,Loading Response,Loading Response
7,3.42,2.5,5.51,4.63,2.82,0.26,3.96,19.05,0.9,2.91,0.55,7.09,0.88,10.82,5.48,40.12,160.14,154.93,79.43,9.08,35.19,150.36,88.04,99.53,6.01,Midswing,Midswing,Loading Response,Loading Response
8,3.84,3.22,7.51,4.65,3.16,0.2,5.18,16.85,0.35,3.18,0.69,6.59,4.6,0.19,1.76,36.99,,,,10.22,37.01,145.37,86.43,,,Midswing,Midswing,Midstance,Midstance
9,3.68,3.38,7.44,3.48,3.31,2.13,3.42,13.19,0.49,2.35,1.12,6.27,5.78,2.38,1.44,32.1,,,,9.54,38.49,142.53,89.94,94.17,,Midswing,Midswing,Terminal Stance,Terminal Stance
10,3.71,3.01,5.99,3.79,3.02,1.08,5.67,11.71,1.52,2.33,1.48,8,7.36,4.78,3.25,29.3,165.06,156.28,79.71,11.94,40.32,139.04,92.29,92.65,15.85,Midswing,Midswing,Terminal Stance,Terminal Stance
11,3.82,3.54,6.47,3.95,3.89,2,6.04,9.23,2.18,2.83,1.33,9.16,6.85,4.36,4.98,27.83,171.22,162.49,83.62,20.74,42.34,133.97,94.9,87.94,11.74,Midswing,Midswing,Terminal Stance,Terminal Stance
12,4.8,5,7.7,2.16,4.04,2.34,7.65,10.03,1.56,2.61,1.18,7.02,5.99,3.4,1.33,26.67,,,,23.84,44.12,133.59,102.28,87.24,13.1,Midswing,Midswing,Terminal Stance,Terminal Stance
13,5.02,4.87,5.32,1.44,3.92,1.68,9,5.71,2.03,3.24,1.09,8.19,6.7,4.52,2.44,26.2,,,,24.67,45.51,137.2,111.73,85.4,12.27,Terminal Swing,Midswing,Terminal Stance,Terminal Stance
14,5.2,6.06,8.43,0.71,3.72,1.37,9.06,5.92,3.66,2.96,1.72,6.62,6.57,3.91,0.74,26.05,,,,25.62,46.01,139.85,123.06,82.96,8.31,Terminal Swing,Midswing,Terminal Stance,Terminal Stance
15,5.03,6.06,8.96,1.39,2.95,0.88,6.28,2.5,4.69,3.17,1.11,2,5.91,3.61,2.19,25.78,,,,34.67,47.41,143.61,134.18,78.82,6.68,Terminal Swing,Midswing,Terminal Stance,Terminal Stance
16,4.78,5.85,8.3,0.93,,,1.29,356.09,4.99,3.09,1.38,0.27,4.75,2.42,5.9,25.75,,,,40.24,48.58,145.76,144.23,78.84,10.52,Terminal Swing,Midswing,Terminal Stance,Terminal Stance
17,4.53,4.67,9.29,0.91,,,6.46,352.33,6.39,2.51,2.07,0.05,4.45,1.59,2.15,26.34,,,,,48.88,148.38,152.72,79.24,12.09,Terminal Swing,Midswing,Terminal Stance,Terminal Stance
18,3.89,3.53,9.42,4.9,,,10.7,351.83,6.28,2.15,2.45,3.76,4.21,2.03,0.52,27.06,177.37,156.59,119.89,47.08,49,150.89,158.5,77.51,14.59,Terminal Swing,Midswing,Terminal Stance,Terminal Stance
19,3.05,1.63,9.35,8.53,,,17.07,351.52,6.29,1.21,4.12,9.67,4.68,3.04,0.67,27.79,174.67,,,30.48,48.99,151.97,161.05,76.02,11.82,Terminal Swing,Midswing,Terminal Stance,Terminal Stance
20,2.93,0.33,10.26,9.51,,,16.02,350.97,6.12,0.57,4.74,4.63,5.54,3.77,1.24,28.39,172.57,140.91,122.97,10.07,48.76,154.55,163.17,75.97,10.99,Terminal Swing,Terminal Swing,Toe Off,Toe Off
21,2.45,0.86,12.33,8.93,4.38,3.22,15.82,351.11,6.5,0.06,4.6,1.03,6.18,4.09,3.26,29.62,169.42,132.21,123.63,12.73,48.12,155.6,162.98,77.74,12.67,Terminal Swing,Terminal Swing,Initial Swing,Midswing
22,1.9,1.96,13.4,13.48,4.69,2.58,13.28,350.34,4.57,0.07,3.35,2.86,6.63,4.9,1.51,30.5,166.56,122.3,121.01,11.26,46.43,154.36,159.53,76.36,15.77,Initial Strike,Initial Strike,Midswing,Midswing
23,0.98,3.38,12.74,10.29,4.93,1.49,11.5,351.31,3.57,0.5,1.02,9.39,7.58,5.36,1.4,31.91,163.88,113.81,115.86,6.52,45.62,156.19,159.18,79.96,15.75,Loading Response,Loading Response,Midswing,Midswing
24,0.07,5.74,9.6,4.59,4.98,1.71,8.09,357.94,1.72,0.08,2.34,6.1,8.29,6.3,4.83,33.37,160.29,103.13,111.37,6.98,43.59,156.35,156.19,81.62,8.49,Loading Response,Loading Response,Midswing,Midswing
25,0.08,4.12,6.07,1.44,5.17,0.24,3.01,358.99,1.57,0.83,3,104.69,6.83,2.79,2.56,35.96,157.24,97.12,111.25,7.7,42.77,157.65,153.12,80.59,8.66,Loading Response,Loading Response,Midswing,Midswing
26,0.18,0.24,5.4,2.26,6.25,0.76,2.51,1.66,2.38,0.92,,,,,,37.95,151.77,90.59,109.38,5.6,40.29,158.35,148.29,79.14,7.03,Loading Response,Loading Response,Midswing,Midswing
27,1.03,7.36,7.8,8.88,5.77,0.79,3.92,2.14,,1.23,,,,,8.64,39.81,148.63,84.41,105.31,10.34,38.4,157.96,142.22,76.59,3.49,Loading Response,Loading Response,Midswing,Midswing
28,2,13.81,7.33,15.59,5.91,0.99,0.23,2.54,,0.91,,,5.67,2.05,7.92,41.39,144.3,79.93,101.08,7.64,35.65,160.61,141.91,73.79,2.43,Loading Response,Loading Response,Midswing,Midswing
29,2.24,16.16,10.31,14.17,6.28,0.32,0.62,1.98,9.33,1.61,0.5,27.69,5.83,2.08,11,43.35,140.94,77.87,99.19,12.41,33.39,159.41,138.14,70.25,1.82,Loading Response,Loading Response,Midswing,Midswing
30,2.15,15.59,10.5,11.71,6.05,1.05,1.32,2.24,6.65,1.96,0.17,4.64,7.09,0.9,14.14,44.65,139,77.03,96.01,2.94,31.11,158.32,136.62,69.09,1.84,Midstance,Midstance,Midswing,Midswing
31,1.99,12.41,8.31,10.66,6.02,1.84,2.88,2.65,4.82,1.25,1.23,1.05,7.99,0.88,10.01,46.43,138.56,79.97,,,28.71,159.02,135.36,68.93,1.77,Terminal Stance,Terminal Stance,Midswing,Midswing
32,1.62,6.74,3.05,12.73,6.04,1.02,0.9,2.45,4.4,1.34,1.14,7.95,6.37,1.9,12.5,47.03,135.26,81.71,92.57,15.26,26.89,160.56,134.58,66.58,1.35,Terminal Stance,Terminal Stance,Midswing,Midswing
33,1.52,2.87,4.8,11.62,7.35,0.46,0.67,2.06,3.61,1.12,0.76,2.86,6.58,1.56,13.27,48.67,,,89.9,8.08,25.36,161.39,132.35,66.69,4.61,Terminal Stance,Terminal Stance,Midswing,Midswing
34,1.86,1.88,6.86,15.07,7.51,0.9,3.74,0.89,4.23,0.15,2.91,4.66,6.02,1.96,9.59,50.03,134.01,93.25,88.03,11.26,23.91,164.87,137.53,68.1,1.68,Terminal Stance,Terminal Stance,Midswing,Midswing
35,2.04,0.53,12.82,12.98,7.84,0.6,0.03,1.3,3.73,0.66,2.85,0.1,6.2,1.81,6.62,50.73,,,,10.54,24.63,170.53,142.6,69.82,4.64,Terminal Stance,Terminal Stance,Midswing,Midswing
36,1.56,0.04,12.5,9.12,7.65,0.86,1.08,1.8,3.12,0.92,4.09,0.99,5.27,2.15,4.06,52.57,,,,12.84,24.02,174.49,146.5,71.71,6.34,Terminal Stance,Terminal Stance,Terminal Swing,Midswing
37,1.02,0.7,10.44,4.78,8.53,2.01,0.89,6.04,3.38,1.3,4.73,2.97,5.92,0.58,2.49,52.61,,,,11.51,22.72,178.67,150.51,76.03,8.93,Terminal Stance,Terminal Stance,Terminal Swing,Midswing
38,0.51,0.39,3.59,0.24,8.91,2.24,3.18,358.46,2.08,0.37,4.04,1.08,5.8,0.56,2.69,52.96,141.38,133.55,87.98,14.62,22.36,180.74,152.96,83.43,17.97,Terminal Stance,Terminal Stance,Terminal Swing,Midswing
39,0.64,1.11,4.74,3.73,8.2,2.44,5.86,358.55,1.38,0.5,2.56,2.54,4.63,1.18,0.54,52.12,144.54,142.85,88.6,12.88,21.36,182.78,154.44,93.47,30.86,Terminal Stance,Terminal Stance,Terminal Swing,Midswing
40,0.99,3.27,15.54,7.77,7.63,1.88,7.99,354.77,1.3,0.89,1.84,2.84,3.23,2.56,2.12,52.27,149.35,152.27,89.76,11.21,21.29,184.34,155.56,103.36,35.55,Terminal Stance,Terminal Stance,Terminal Swing,Midswing
41,0.97,4.56,24.4,13.2,7.08,1.65,12.21,350.1,1.9,0.7,1.64,2.61,2.32,3.73,3.2,52.51,151.7,157.98,86.17,14.74,19.93,184.08,152.48,,,Terminal Stance,Terminal Stance,Terminal Swing,Midswing
42,1.3,5.55,26.26,14.03,6.6,0.56,13.45,353.88,3.32,1.51,0.32,2.64,2.39,3.53,11.01,52.25,153.9,162.13,85.37,13.94,19.53,181.53,147,,,Terminal Stance,Terminal Stance,Terminal Swing,Midswing
43,1.44,4.73,22.29,11.66,5.98,0.61,15.75,356.43,4.61,1.82,0.34,0.77,2.03,5.38,10.16,52.24,156.96,164.76,86.97,8.8,19.77,177.4,139.26,121.9,7.3,Toe Off,Toe Off,Terminal Swing,Terminal Swing
44,1.72,4.86,21.72,11.28,5.37,2.89,12.04,356.78,5,1.84,0.35,5.41,1.24,8.11,13.12,52.33,157.87,165.31,87.74,7.42,20.28,174.27,131.86,125.94,5.43,Initial Swing,Midswing,Terminal Swing,Terminal Swing
45,2.03,3.79,17.22,7.83,3.52,6.47,5.94,0.02,4.77,1.41,1.74,2.58,0.97,10.25,,52.58,158.81,165.54,,,21.79,171.54,123.17,123.45,7.85,Midswing,Midswing,Initial Strike,Initial Strike
46,2.14,1.94,10.64,0.6,2.6,9.96,1.64,6.03,2.72,1.98,1.2,2.87,1.09,12.23,5.79,53.04,158.68,163.83,88.49,5.51,22.42,171.3,117.9,119.75,2.46,Midswing,Midswing,Loading Response,Loading Response
47,2.78,0.84,3.46,3.5,1.85,12.34,9.54,15.46,0.39,2.1,1.08,7.77,1.57,13.48,0.17,53.83,158.69,161.37,86.68,5.15,23.57,169.95,112.5,116.52,4.52,Midswing,Midswing,Loading Response,Loading Response
48,4.26,2.53,1.3,4.56,1.93,11.65,11.67,18.66,2.54,2.16,0.88,13.75,1.43,11.91,9.06,51.35,159.52,157.55,82.85,1.64,24.17,166.34,106.72,113.04,2.16,Midswing,Midswing,Loading Response,Loading Response
49,5.09,3.53,0.76,4.47,2.22,9.93,14.42,24.12,0.22,1.51,2.13,15.91,1.94,11.12,2.61,50.73,157.21,152.58,80.68,3.96,25.21,160.69,99.32,108.62,1.25,Midswing,Midswing,Loading Response,Loading Response
50,4.59,2.94,1.23,5.24,1.66,8.8,17,28.1,2.57,1.79,1.55,12.09,1.62,7.98,21.88,47.86,158.52,150.32,79.29,1.16,26.56,156.46,96.33,107.09,2.46,Midswing,Midswing,Loading Response,Loading Response
51,3.8,1.75,2.25,5.68,1,8.33,18.21,27.32,,2.82,0.24,9.24,0.89,7.38,14.59,46.49,161.12,150.31,77.91,4.17,27.27,150.64,92.54,103.02,4.32,Midswing,Midswing,Loading Response,Loading Response
52,3.71,1.21,2.49,5.74,1.55,4.47,15.27,22.22,1.99,2.54,0.42,8.34,2.64,5.28,5.72,44.34,157.14,147.93,75.68,3.44,28.19,148.22,91.76,99.17,6.71,Midswing,Midswing,Loading Response,Loading Response
53,3.67,1.04,1.75,3.19,1.4,2.57,13.44,20.94,0.81,1.11,2.57,10.51,3.47,2.6,11.47,42.26,156.76,145.31,72.71,2.04,30.15,144.54,91.5,,,Midswing,Midswing,Loading Response,Loading Response
54,3.68,1.49,3.27,3.35,2.4,0.08,10.69,16.73,1.69,1.86,2.03,8.41,3.91,0.82,10.03,38.65,158.87,145.68,72.33,6.52,32.25,141.2,95.15,81.91,34.21,Midswing,Midswing,Midstance,Midstance
55,3.68,2.26,4.98,4.88,2.31,0.93,9.5,16.89,2.13,2.89,1.16,10.49,3.87,0.71,8.67,33.86,163.32,148.37,72.9,12.81,34.04,138.97,97.46,88.44,11.55,Midswing,Midswing,Terminal Stance,Terminal Stance
56,4.04,2.7,3.95,4.87,1.84,0.64,8.51,16.24,2.98,2.66,1.35,11.77,4.13,2.42,4.35,31.19,167.22,152.32,75.32,16.84,35.74,138.61,102.55,84.67,11.06,Midswing,Midswing,Terminal Stance,Terminal Stance
57,4.01,3.36,4.44,4.39,2.14,0.56,9.27,11.64,4.62,3,0.65,9.59,3.52,2.48,0.01,28.9,,,,22.9,36.95,137.84,108.75,82.94,6.06,Midswing,Midswing,Terminal Stance,Terminal Stance
58,4.71,4.83,6.14,2.54,1.89,0.35,9.11,7.96,4.21,3.85,0.12,9.16,4.8,4.29,1.12,27.73,173.9,157.88,78.69,23.32,38.64,137.75,117.51,81.62,12.25,Terminal Swing,Midswing,Terminal Stance,Terminal Stance
59,5.23,6.13,6.71,4.06,1.83,0.52,8.75,4.8,4.98,4.26,1.11,4.95,4.02,4.08,1.12,26.68,176.3,159.85,81.57,22.6,39.36,138.16,126.03,78.57,9.05,Terminal Swing,Midswing,Terminal Stance,Terminal Stance
60,5,5.88,4.77,4.15,0.04,0.93,8.1,1.7,5.74,3.48,0.13,1.31,3.74,3.69,2.43,25.59,176.9,159.99,87.63,32.63,40.24,140.1,134.68,78.85,7.85,Terminal Swing,Midswing,Terminal Stance,Terminal Stance
61,4.69,5.26,6.12,3.91,0.3,0.2,1.65,357.41,6.18,3.12,0.32,2.15,3.69,3.08,0.72,25.57,178.41,159.62,92.45,33.85,41.34,144.54,144.69,80.52,20.09,Terminal Swing,Midswing,Terminal Stance,Terminal Stance
62,4.23,4.49,7.02,2.2,0.48,0.05,1.42,356.23,5.64,2.33,2.14,4.42,3.92,2.95,0.09,24.94,,,,43.85,42.01,145.66,150.68,80.19,20.2,Terminal Swing,Midswing,Terminal Stance,Terminal Stance
63,4.08,3.43,7.47,1.16,0.51,0.22,3.99,356.01,5.34,2.13,2.79,1.78,3.61,2.43,0.35,24.16,176.19,151.4,107.12,52.56,42.28,147.75,157.83,81.56,12.99,Terminal Swing,Midswing,Terminal Stance,Terminal Stance
64,3.24,1.55,8.76,0.76,1.22,0.86,6.91,356.17,6.32,0.81,4.05,1,4.05,3.02,3.98,24.22,174.22,144.84,113.32,41.84,42.46,149.47,160.66,79.07,7.95,Terminal Swing,Midswing,Terminal Stance,Terminal Stance
65,2.68,0.2,9.61,3.3,0.59,0.46,5.63,353.06,5.95,0.16,5.68,1.7,4.45,3.19,5.56,24.78,171.52,137.58,117.73,20.14,41.91,151.03,161.64,78.05,12.73,Terminal Swing,Terminal Swing,Terminal Stance,Terminal Stance
66,2.45,0.16,11.48,3.48,1.33,0.56,6.85,353.74,4.32,0.54,5.05,1.58,4.8,,,25.21,168.87,,,11.79,41.81,152.68,161.64,79.58,17.75,Terminal Swing,Terminal Swing,Toe Off,Toe Off
67,1.54,0.87,11.67,4.93,2.69,0.64,4.84,353.07,2.9,0.38,4.11,2.52,4.61,1.89,2.21,26.05,165.37,120.55,118.64,12.53,41.44,154.45,161.47,78.2,15.63,Initial Strike,Initial Strike,Midswing,Midswing
68,0.71,2.08,12.2,7.91,4.04,0.49,2.74,357.34,2.74,0.18,2.76,2.46,4.89,2.19,1.8,26.37,162.24,111.23,113.84,5.08,40.51,155.63,159.93,80.88,10.84,Loading Response,Loading Response,Midswing,Midswing
69,0.19,1.45,12.41,8.14,4.49,0.71,1.48,359.21,3.02,0.69,3.72,11.75,5.58,2.19,4.89,27.88,160.13,103.91,109.71,10.2,39.75,156.47,158,84.35,8.2,Loading Response,Loading Response,Midswing,Midswing
70,0.14,1.02,12.27,0.68,4.11,0.48,3.64,0.25,2.56,0.29,3,8.85,5.78,3.4,3.07,29.83,156.64,97.24,107.57,8.46,39.2,155.34,153.39,83.52,10.13,Loading Response,Loading Response,Midswing,Midswing
71,0.37,2.51,9.66,3.65,3.47,1.25,4.7,1.37,3.66,0.5,2.33,10.66,4.8,1.32,1.36,31.75,150.59,89.58,105.3,8.59,37.52,153.57,146.97,82.99,11.22,Loading Response,Loading Response,Midswing,Midswing
72,0.75,5.55,6.8,9.95,4.47,0.77,6.55,0.93,,1.23,2.83,9.23,4.08,1.16,6.48,35.58,146.52,84.43,102.79,10.04,36.13,151.91,141.29,79.09,12.19,Loading Response,Loading Response,Midswing,Midswing
73,1.75,10.31,8,11.36,4.58,1.55,7.05,0.9,,0.17,3.76,4.58,3.68,3.02,8.2,37.27,143.78,80.8,99.79,8.69,33.93,149.5,134.71,75.08,13.48,Loading Response,Loading Response,Midswing,Midswing
74,2.66,16.16,10.82,10.82,4.17,3.12,8.97,0.32,,0.76,1.32,7.76,3.67,3.06,6.89,38.45,139.87,77.66,96.71,9.3,31.95,150.96,134.57,73.53,13.7,Loading Response,Loading Response,Midswing,Midswing
75,3.41,20.93,14.7,11.18,4.1,3.08,10.32,2,,3.22,1.75,2.44,4.06,3.1,10.04,40.37,133.23,76.58,96.6,11.74,30.31,150.85,131.97,71.43,12.09,Loading Response,Loading Response,Midswing,Midswing
76,4.35,21.8,13.8,9.29,3.26,4.7,11.26,1.26,4.08,0.28,3.09,2.59,3.24,3.99,13.33,43.72,132.96,77.78,91.96,,27.72,155.05,133.04,69.24,5.57,Midstance,Midstance,Midswing,Midswing
77,4.14,16.99,9.95,10.46,2.92,5.65,12,1.33,4.19,2.99,6.02,4.76,4.23,1.94,11.71,45.76,131.12,79.09,89.8,,25.83,158.62,133.85,67.87,7.54,Terminal Stance,Terminal Stance,Midswing,Midswing
78,4.64,13.57,4.72,9.21,2.78,5.44,12.58,2.62,5.13,2.44,4.79,2.26,3.61,3.48,13.77,46.21,,,89.75,16.56,23.34,162.36,136.49,68.3,,Terminal Stance,Terminal Stance,Midswing,Midswing
79,4.89,10.89,0.08,11.05,3.56,5.2,12.29,1.91,4.68,2.07,3.24,6.37,3.57,3.22,11.29,47.34,,,85.8,10.22,22.19,164.32,135.95,67.42,5.02,Terminal Stance,Terminal Stance,Midswing,Midswing
80,5.07,8.37,3.6,10.15,3.71,5.88,11.31,0.64,5.5,2.13,1.42,5.21,2.67,4.56,11.91,49.23,,,,14.06,22.31,167.46,139.3,67.59,2.76,Terminal Stance,Terminal Stance,Midswing,Midswing
81,4.77,6.15,7.07,10.83,4.08,5.32,12.36,1.05,5.67,2.46,1.29,5.74,3,4.27,9.9,50.34,,,,12.05,21.39,171.33,143.95,70.2,8.2,Terminal Stance,Terminal Stance,Midswing,Midswing
82,4.63,5.27,6,8.87,4.9,3.17,10.29,1.45,4.32,1.24,0.48,1.12,3.94,2.82,6.34,52.22,,,,13.26,21.79,176.47,150.27,75.56,10.79,Terminal Stance,Terminal Stance,Terminal Swing,Midswing
83,4.06,3.96,5.11,5.58,6.17,0.25,5.23,0.83,3.78,2.07,1.37,4.48,4.04,1.96,3.43,51.58,138.7,122.91,83.06,9.13,20.64,179.91,153.32,77.8,13,Terminal Stance,Terminal Stance,Terminal Swing,Midswing
84,3.01,2.79,0.09,2.71,6.16,1.09,1.43,357.5,2.18,1.53,2,3.02,4.05,1.31,3.62,52.64,141.34,133.1,82.78,7.89,19.89,183.08,155.9,88.32,19.24,Terminal Stance,Terminal Stance,Terminal Swing,Midswing
85,2.53,2.88,5.08,2.82,5.9,1.43,2.07,354.84,2.29,1.85,1.86,2.4,3.01,1.48,0.73,53.59,144.89,142.49,81.39,9.67,20.47,184.79,157.35,91.6,26.2,Terminal Stance,Terminal Stance,Terminal Swing,Midswing
86,3.18,4.4,11.85,9.55,6.07,2.38,6.14,352.54,0.88,2.93,0.1,2.52,2.05,2.02,1.47,52.64,149.13,151.4,83.6,13.84,21.37,184.92,156.88,,,Terminal Stance,Terminal Stance,Terminal Swing,Midswing
87,3.08,5.08,17.65,11.51,5.41,1.52,7.17,357.86,2.01,1.79,0.63,5.35,1.5,2.8,4.86,51.89,152.44,157.87,81.17,12.21,22.55,184.9,154.55,109.96,30.66,Terminal Stance,Terminal Stance,Terminal Swing,Midswing
88,3.33,5.65,18.31,10.43,4.83,0.8,9.64,0.16,5.03,2.23,0.3,3.1,0.26,4.47,7.66,51.86,154.58,161.94,81.2,10.32,23.12,182.36,147.79,115.26,,Terminal Stance,Terminal Stance,Terminal Swing,Midswing
89,3.43,5.73,16.55,11.52,3.93,1.48,6.43,7.33,3.32,2.68,0.7,5.13,0.04,5.19,9.07,51.12,157.33,164.64,83.93,15.31,23.29,178.19,138.91,119.64,3.39,Toe Off,Toe Off,Terminal Swing,Terminal Swing
90,3.57,5.33,14.04,9.08,3.27,3.31,3.58,12.28,3.34,2.11,0.17,7.32,0.12,7,16.96,52.22,156.37,164.8,83.18,9.16,23.41,174.7,130.05,121.97,6.77,Initial Swing,Midswing,Initial Strike,Initial Strike
91,3.45,3.99,9.46,6.08,1.7,8.61,5.33,14.94,0.88,2.63,0.1,5.82,0.56,9.15,15.02,52.71,156.58,164.57,74.85,121.06,24.74,171.81,121.24,118,5.12,Midswing,Midswing,error,error
92,3.3,2.61,5.57,1,0.94,10.44,10.85,19.68,0.13,2,1.07,3.32,0.02,9.44,1.17,52.33,156.13,162.16,86.34,0.3,26.36,169.92,114.9,114.08,0.73,Midswing,Midswing,Loading Response,Loading Response
93,3.69,2.14,1.3,1.58,1.02,12.22,15.47,23.58,1.55,2.53,0.79,3.17,0.24,11.34,6.58,50.79,157.78,160.13,85.08,1.46,25.69,169.54,109.87,111.8,2.78,Midswing,Midswing,Loading Response,Loading Response
94,4.92,3.1,0.63,2.9,0.39,12.93,18.44,27.32,2.19,3.16,0.45,5.47,0.31,11.42,1.06,48.24,158.48,155.01,82.04,1.01,28.57,164.19,104.17,110.72,2.08,Midswing,Midswing,Loading Response,Loading Response
95,4.95,3.3,0.9,2.91,0.25,11.92,19.55,29.6,0.74,2.42,1.23,4.63,0.4,10.36,2.06,46.67,156.41,149.41,79.89,3.29,29.39,160.18,97.18,105.96,1.9,Midswing,Midswing,Loading Response,Loading Response
96,3.89,1.61,1.46,3.41,0.25,9.97,19.2,30.57,0.79,2.2,1.64,8.04,0.94,8.54,7.14,44.54,155.14,145.31,77.9,4,30.7,156.71,94.09,105.91,4.66,Midswing,Midswing,Loading Response,Loading Response
97,2.95,0.29,1.78,3.97,0.04,6.67,14.82,25.41,,2.82,1.28,8.3,1.27,6.54,1.65,42.25,,,,4.18,33.19,152.78,91.57,102.63,5.87,Midswing,Midswing,Loading Response,Loading Response
98,3.18,0.45,3.47,3.45,0.46,4.53,11.45,19.68,1.29,3.96,0.64,8.13,0.06,6.91,3.53,39.95,155.76,146.46,74.52,4.9,34.16,148.79,89.41,98.56,2.95,Midswing,Midswing,Loading Response,Loading Response
99,3.45,0.12,1.23,3.1,0.47,4.17,11.04,14.43,0.85,3.47,0.62,3.37,0.65,4.55,4.22,35.77,154.79,143.99,71.38,4.28,35.39,142.76,87.79,94.08,5.48,Midswing,Midswing,Midstance,Midstance
100,3.67,0.18,2.35,3.72,,,8.86,13.23,1.43,1.87,2.77,8.75,1.9,2.15,9.38,31.64,,,,3.18,36.29,141.83,90.96,96.03,,Midswing,Midswing,Terminal Stance,Terminal Stance
101,4.28,1.24,0.13,4.51,,,7.57,14.89,3.89,4.49,0.51,9.26,2.56,0.95,9.06,27.03,,,,13.9,37.6,140.45,95.05,87.13,9.87,Midswing,Midswing,Terminal Stance,Terminal Stance
102,4.75,2.2,0.21,5.23,0.73,1.34,7.14,14.9,2.22,4.29,1.15,9.29,3.55,1.28,3.52,26.14,,,,13.53,38.46,138.58,99.24,84.63,11.17,Midswing,Midswing,Terminal Stance,Terminal Stance
103,4.77,2.67,0.93,4.29,0.83,1.81,8.11,12.03,2.74,4.42,0.55,6.21,4.06,2.41,0.51,24.55,,,,16.68,39.16,138.21,105.11,84.58,10.77,Midswing,Midswing,Terminal Stance,Terminal Stance
104,5.01,3.67,3.12,2.74,0.35,2.12,7.17,6.32,3.19,5.52,0.07,8.38,3.39,1.86,0.52,23.17,,,,18.64,40.2,136.92,111.79,82.2,8.15,Terminal Swing,Midswing,Terminal Stance,Terminal Stance
105,5.2,4.86,6.19,1.11,0.61,1.39,5.95,2.01,3.46,5.22,0.38,5.21,4.01,2.07,1.46,22.37,,,,24.44,40.97,138.73,121.21,80.03,9.66,Terminal Swing,Midswing,Terminal Stance,Terminal Stance
106,5.24,5.29,5.22,1.04,0.77,0.88,5.22,0.38,4.65,5.09,0.04,1.31,3.03,1.54,0.16,21.61,180.25,162.51,86.74,29.54,42.23,139.78,130.91,79.64,9.37,Terminal Swing,Midswing,Terminal Stance,Terminal Stance
107,5.03,4.52,6.15,1.9,0.18,1.39,1.99,358.44,6.15,4.61,0.4,1.99,1.74,0,0.78,20.69,180.28,160.61,91.43,35.35,42.39,141.96,139.42,79.97,18.09,Terminal Swing,Midswing,Terminal Stance,Terminal Stance
108,4.83,3.59,5.94,1.27,0.06,1.5,1.07,353.87,6.34,3.6,1.41,2.65,3.15,1.9,7.8,20.1,180.59,158.24,96.65,40.23,42.98,144.91,148.54,80.93,173.34,Terminal Swing,Midswing,Terminal Stance,Terminal Stance
109,4.41,3.23,8.55,0.27,0.73,0.99,3.68,349.81,6.44,3.13,1.99,2.09,3.31,1.59,4.81,19.94,178.01,152.37,105.38,47.17,43.21,147.87,155.45,82.1,17.47,Terminal Swing,Midswing,Terminal Stance,Terminal Stance
110,3.86,2.09,10.26,5.22,1.16,0.41,6.24,348.47,5.6,2.76,2.9,1.07,3.61,1.52,2.91,20.2,176.71,146.84,111.07,36.95,43.12,150.23,158.77,80.22,13.78,Terminal Swing,Midswing,Terminal Stance,Terminal Stance
111,3.51,0.9,10.44,6.4,1.2,0.43,8.85,351.67,5.31,2.6,2.6,1.64,4.05,1.37,3.82,20.18,174.03,138.83,114.83,23.53,43.3,150.68,159.81,80.54,15.5,Terminal Swing,Terminal Swing,Terminal Stance,Terminal Stance
112,2.89,1.47,11.42,5.24,2.17,0.78,5.54,348.93,5.08,2.22,1.59,1.35,4.59,1.29,3.09,20.72,170.86,,,11.91,43.59,152.65,160.66,79.93,17.43,Terminal Swing,Terminal Swing,Toe Off,Toe Off
113,2.04,0.91,12.9,5.59,3.16,1.02,3.28,352.86,4.26,2.09,0.34,7.18,4.27,0.48,2.17,21.63,168.34,122.07,118.03,7.95,43.23,154.53,160.34,80.23,15.64,Initial Strike,Initial Strike,Initial Swing,Midswing
114,1.44,0.38,13.34,6.15,4.03,0.45,1.52,356.22,4.26,1.16,1.57,3.61,5.93,2.87,2.39,21.99,165.07,112.92,113.62,9.6,42.37,155.3,157.73,85.15,10.76,Loading Response,Loading Response,Midswing,Midswing
115,1.02,0.12,11.78,3.86,3.99,1.15,2.55,359.92,3.69,1.26,0.27,3.23,5.92,2.66,3.87,23.21,162.41,104.99,109.23,8.45,42.45,156.66,154.34,85.45,9.37,Loading Response,Loading Response,Midswing,Midswing
116,0.94,3.63,12.66,6.3,4.5,1.11,4,1.75,4.19,1.21,2.79,3.14,5.56,1.88,0.46,24.28,158.47,98.44,106.48,4.51,41.27,157.28,151.44,84.66,12.29,Loading Response,Loading Response,Midswing,Midswing
117,1.11,5.66,9.85,7.71,3.84,1.9,5.28,2.72,,0.44,0.61,48.31,,,,25.94,155.33,93.32,104.36,9.25,39.92,,,,6.34,Loading Response,Loading Response,Midswing,Midswing
118,1.79,11.31,10.14,11.96,4.67,1.32,5.29,1.54,,2.25,5.31,15.75,3.92,1.54,8.97,29.09,149.95,86.94,100.61,9,38.51,156.51,142.06,78.69,4.55,Loading Response,Loading Response,Midswing,Midswing
119,2.76,18.08,13.91,11.28,4.63,2,5.98,0.9,,0.56,4.44,17.21,2.66,4.82,10.25,31.26,144.84,81.42,99.41,11.38,36.17,156.28,137.28,74.64,0.81,Loading Response,Loading Response,Midswing,Midswing
120,2.7,20.17,11.64,11.47,5.08,1.6,5.79,1.53,7.43,0.63,2.66,10.39,4.03,3.85,12.52,33.09,138.51,77.29,96.18,10.91,34.52,154.42,134.94,74.04,3.12,Loading Response,Loading Response,Midswing,Midswing
121,3.38,19.77,11.35,9.17,4.68,2.2,7.2,1.6,6.41,0.42,2.4,5.34,4.48,3.64,14.23,35.79,137.7,78.91,93.33,11.17,32.41,153.87,132.02,71.35,3.21,Loading Response,Loading Response,Midswing,Midswing
122,3.62,18.16,10.48,10.83,4.31,3.55,8.17,1.44,4.94,2.66,4.8,0.48,5,2.67,14.85,38.49,134.03,79.67,,,30.48,156,132.13,68.72,1.45,Midstance,Midstance,Midswing,Midswing
123,3.48,12.36,5.61,9.35,3.75,3.1,5.51,2.06,4.21,3.13,4.19,0.32,5.48,1.86,13.9,41.38,136.1,84.59,89.71,30.48,28.6,160.71,135.05,70.94,7.01,Terminal Stance,Terminal Stance,Midswing,Midswing
124,3.73,8.51,1.32,9.26,3.86,3.29,8.69,0.34,4.63,1.52,1.46,5.16,5.81,2.25,14.11,44.38,126.11,83.55,86.73,14.26,26.94,165.17,137.03,,,Terminal Stance,Terminal Stance,Midswing,Midswing
125,3.95,6.77,2.64,9.33,4.87,3.51,10.91,0.23,4.33,1.37,0.53,4.08,4.93,2.4,10.56,45.35,124.98,89.62,86.22,13.02,25.6,166.64,139.4,69.85,5.9,Terminal Stance,Terminal Stance,Midswing,Midswing
126,4.16,5.09,4.14,8.18,5.28,3.33,9.2,0.92,3.97,0.4,0.72,3.99,4.84,2.44,9.53,46.03,,,,8.07,24.82,169.07,141.84,69.96,5.05,Terminal Stance,Terminal Stance,Midswing,Midswing
127,3.39,3.46,6.35,9.8,4.88,3.16,10.5,1.73,4.4,0.21,1.19,1.1,4.9,2.15,8.53,47.71,,,,11.49,24.12,175.58,148.23,73.46,3.48,Terminal Stance,Terminal Stance,Terminal Swing,Midswing
128,2.64,2.61,6.27,7.14,6.06,0.85,7.27,2.78,3.74,0.2,2.47,2.83,4.58,1.79,6.87,49.57,133.69,117.75,83.32,11.11,23.63,179.11,152.9,78.21,14.8,Terminal Stance,Terminal Stance,Terminal Swing,Midswing
129,2.35,2.31,2.54,2.83,5.99,0.49,2.62,1.07,2.72,0.13,3.24,1.56,4.38,1.69,3.36,50.7,137.35,128.85,81.85,9.74,23.81,180.83,154.43,83.26,12.23,Terminal Stance,Terminal Stance,Terminal Swing,Midswing
130,1.97,2.79,2.03,0.22,6.45,1.03,1.19,358.57,2.45,0.31,2.43,1.41,3.68,2.13,0.97,51.2,143.06,139.85,82.76,13.97,24.75,182.69,155.11,89.05,17.4,Terminal Stance,Terminal Stance,Terminal Swing,Midswing
131,1.91,4.27,10.53,4.73,6.55,1.07,0.14,357.11,1.07,1.26,1.19,0.1,2.71,3.34,1.51,51.87,147.07,149.35,80.14,9.94,24.75,183.05,154.26,96.58,23.91,Terminal Stance,Terminal Stance,Terminal Swing,Midswing
132,2.02,5.12,14.18,8.99,6,0.73,3.13,353.32,1.24,1.98,0.76,5.7,2.33,3.89,3.53,51.2,151.29,157.44,80.38,14.88,25.08,181.81,151.1,108.31,24.29,Terminal Stance,Terminal Stance,Terminal Swing,Midswing
133,1.16,4.49,13.61,7.87,5.64,0.12,4.98,356.67,2.5,1.61,0.77,1.86,1.34,4.84,8.84,50.12,155.07,163.08,81.94,12.03,25.6,180.26,145.6,113.86,14.1,Terminal Stance,Terminal Stance,Terminal Swing,Midswing
134,0.89,4.95,13.91,7.83,4.61,1.68,4.89,8.79,2.52,1.5,0.51,3.23,0.52,6.16,15.36,49.79,157.92,166.31,82.04,13.35,26.17,176.23,137.31,120.32,10.54,Toe Off,Toe Off,Terminal Swing,Terminal Swing
135,1.33,4.73,10.99,6.49,3.95,3.92,2.39,9.27,2.73,1.42,0.87,5.84,0.72,7.02,19.46,49.73,159.56,167.2,80.53,5.72,26.57,172.84,129.66,122.59,0.9,Midswing,Midswing,Terminal Swing,Terminal Swing
136,1.76,5.1,9.92,6.86,2.81,7.68,1.09,11.55,1.96,1.15,0.03,6.55,0.71,7.74,49.36,51.31,157.95,165.97,84.07,7.49,26.8,170.65,121.28,119.19,1.36,Midswing,Midswing,Initial Strike,Initial Strike
137,1.8,3.5,5.03,1.56,1.72,10.67,5.52,13.29,1.8,1,0.54,1.37,1.43,8.94,10.93,52.92,157.03,166.09,87.82,2.1,27.35,170.13,116.42,116.58,1.96,Midswing,Midswing,Loading Response,Loading Response
138,1.76,1.49,1.2,0.05,0.74,14.25,10.06,13.36,1.83,1.33,0.86,2.26,1.8,11.05,7.13,52.14,158.21,165.22,87.96,2.7,28.31,167.69,110.49,113.16,1.42,Midswing,Midswing,Loading Response,Loading Response
139,2.36,1.33,3.62,1,0.65,14.32,13.41,18.28,1.65,1.34,0.57,1.54,0.56,15.19,1.58,49.56,157.45,158.38,82.59,1.52,30.55,164.63,105.43,111.58,0.19,Midswing,Midswing,Loading Response,Loading Response
140,2.85,1.89,3.61,2.54,1.26,12.21,16.04,23.43,1.17,1.29,0.46,4.02,0.45,14.72,1.29,47.44,157.14,152.35,79.41,3.67,31.57,159.59,97.66,106.85,2.66,Midswing,Midswing,Loading Response,Loading Response
141,2.44,1.53,2.46,2.29,1.5,10.55,18.01,26.48,,0.06,2.48,6.08,1.85,11.63,2.61,45.96,153.12,146.22,76.72,1.07,32.52,156.56,96.13,105.83,4.11,Midswing,Midswing,Loading Response,Loading Response
142,1.6,0.37,3.51,4.9,0.93,9.77,17.38,23.91,,0.09,3.02,6.79,,,0.57,42.68,,,,0.91,33.35,152.21,92.84,101.6,5.41,Midswing,Midswing,Loading Response,Loading Response
143,1.35,1.35,4.41,3.55,1.28,6.48,14.22,17.44,,0.56,2.69,7.69,4.08,7.82,9.12,40.63,,,,1.83,33.87,,,,6.05,Midswing,Midswing,Loading Response,Loading Response
144,1.25,1.84,4.76,3.84,1.36,4.5,10.86,17.52,2.37,0.09,3.24,6.94,1.56,9.72,11.1,36.39,152.68,143.22,74.85,5.9,34.31,144.55,90.46,96.62,0.18,Midswing,Midswing,Loading Response,Loading Response
145,1.11,2.05,5.27,3.32,1.27,3.57,10.2,15.42,,0.25,3.47,9.73,2.64,5.65,10.72,33.02,155.53,142.8,71.57,6.49,35.8,141.58,93.08,97.02,,Midswing,Midswing,Loading Response,Loading Response
146,2.28,1.39,4.79,3.37,1.22,2.52,8.7,15.01,1.33,1.63,0.94,5.32,2.87,3.9,10.39,30.29,157.07,142.68,69.77,5.54,36.43,141.03,96.1,88.98,35.55,Midswing,Midswing,Midstance,Midstance
147,2.36,0.71,3.66,3.42,2.03,1.25,7.34,11.09,1.39,2.25,1.19,8.94,2.94,2.25,6.2,28.21,163.07,148.05,70.79,13.21,37.86,139.04,100.35,87.08,10.59,Midswing,Midswing,Terminal Stance,Terminal Stance
148,2.47,0.11,2.67,3.32,1.15,1.6,5.8,9.23,0.77,1.22,2.59,9.9,3.99,0.2,3.26,25.88,,,,10.28,39.31,135.95,104.09,86.11,12.4,Midswing,Midswing,Terminal Stance,Terminal Stance
149,3.23,1.37,1.58,2.57,1.46,1.47,5.69,6.62,1.22,2.08,1.93,8.46,4.18,0.13,6.51,25.18,,,,13.83,39.64,134.43,110.88,85.01,10.99,Terminal Swing,Midswing,Terminal Stance,Terminal Stance
150,3.45,3.19,1.87,2.28,1.32,1.67,5.83,1.29,1.26,3,1.08,8.11,4.09,0.43,2.76,25.04,,,,17.46,41.09,134.99,119.05,82.25,17.63,Terminal Swing,Midswing,Terminal Stance,Terminal Stance
151,3.49,3.81,3.42,1.12,2.08,0.83,5.35,1.81,2.85,3.03,0.75,5.37,4.08,1.13,4.2,24.41,175.91,157.41,80.66,23.6,41.63,137.98,129.93,80.23,10.28,Terminal Swing,Midswing,Terminal Stance,Terminal Stance
152,3.95,4.08,3.62,1.64,2.26,0.8,0.34,357.13,3.86,2.47,1.72,2.4,3.89,1.38,3,24.31,177.48,158.33,85.99,27.15,42.28,140.66,139.15,80.53,15.84,Terminal Swing,Midswing,Terminal Stance,Terminal Stance
153,4.09,3.57,4.99,0.64,1.93,0.21,1.57,354.51,4.16,1.3,3.63,4.94,4.24,1.83,1.39,24.4,,,,32.67,43.18,143.65,148.37,79.26,10.05,Terminal Swing,Midswing,Terminal Stance,Terminal Stance
154,2.95,1.47,4.16,1.38,2.18,0.31,3.41,352.92,4.54,0.51,4.58,3.03,4.94,2.65,3.64,24.96,,,,42.39,42.96,145.86,155.32,79.84,8.9,Terminal Swing,Midswing,Terminal Stance,Terminal Stance
155,2.32,0.19,4.73,0.4,2.16,0.65,5.87,351.62,4.08,0.63,3.83,0.5,6.01,4.01,4.34,25.33,176.07,148.91,108.75,42.59,43.25,147.43,158.21,78.52,7.4,Terminal Swing,Midswing,Terminal Stance,Terminal Stance
156,1.92,0.82,6.43,2.63,2.52,0.7,7.57,352.05,4.19,0.06,4.29,2.72,6.07,4.05,3.8,25.33,173.39,140.97,115.8,30.31,43.42,150.02,160.8,79.34,6.68,Terminal Swing,Terminal Swing,Terminal Stance,Terminal Stance
157,1.42,1.54,6.81,5.46,3.54,0.69,4.49,352.22,4.09,0.65,4.42,4.33,6.58,,,26.01,170.72,,,17.02,42.91,151.63,161.8,79.45,10.39,Terminal Swing,Terminal Swing,Toe Off,Toe Off
158,0.87,0.97,10.78,5.54,3.58,0.47,2.37,351.08,3.96,0.65,1.53,0.57,6.38,3.19,8.2,26.25,167.59,124.92,121.16,7.75,42.83,153.41,161.26,78.55,14.6,Initial Strike,Initial Strike,Initial Swing,Midswing
159,0.37,1.77,13.23,6.62,4.34,0.43,1.5,356.65,4.07,0.89,1.2,9.96,6.65,,,27.37,164.88,117.38,118.81,5.28,42.19,154.42,159.41,82.2,14.5,Loading Response,Loading Response,Midswing,Midswing
160,0.19,2.12,12.78,6.14,4.67,0.42,1.71,359.88,3.09,0.95,0.38,4.17,6.84,,,27.17,161.58,106.68,112.69,5.71,41.65,154.68,155.54,83.64,11.12,Loading Response,Loading Response,Midswing,Midswing
161,0.34,1.19,15.29,2.03,4.71,1.13,5.44,2.17,2.99,0.73,0.81,3.62,7.37,,,28.55,159.46,101.42,109.32,5.94,40.21,154.17,151.81,84.25,10.8,Loading Response,Loading Response,Midswing,Midswing
162,0.06,4.99,13.9,2.72,4.33,1.63,5.96,2.26,2.97,1.14,2.28,0.37,7.39,4.22,3.92,30.64,154.2,94.29,106,4.49,38.75,154.81,148.22,82.15,9.62,Loading Response,Loading Response,Midswing,Midswing
163,0.5,7.92,11.47,7.54,5.03,0.67,5.68,3.53,,1.93,3.08,12.42,5.9,0.56,8.59,32.32,148.34,88.44,103.94,8.71,37.44,154.39,143.36,80.27,9.62,Loading Response,Loading Response,Midswing,Midswing
164,1.34,11.99,13.14,8.92,5.61,0.75,7.38,2.74,,0.98,4.67,15.87,5.01,1.63,9.68,34.41,145.37,83.2,99.56,6.96,35.42,154.9,139.47,76.43,3.18,Loading Response,Loading Response,Midswing,Midswing
165,2.26,17.69,14.87,9.08,5.82,1.67,8.67,2.99,,0.07,4.6,11.36,5.49,1.9,10.53,35.96,141.01,79.81,97.43,11,33.33,152.56,136.47,75.76,3.07,Loading Response,Loading Response,Midswing,Midswing
166,2.5,16.75,11.76,9.23,5.38,1.77,7.86,1.57,,1.53,2.96,1.76,5.21,3.19,13.31,37.83,138.26,80.16,96.07,13.74,31.7,153.47,135.21,73.61,1.49,Loading Response,Loading Response,Midswing,Midswing
167,2.73,15.37,9.53,9.51,4.98,3.23,10.54,2.09,5.47,1.32,5.21,4.75,6.19,0.84,11.96,39.9,134.09,80.68,,,29.64,155.38,135.35,70.16,0.85,Loading Response,Loading Response,Midswing,Midswing
168,3.31,12.91,6.42,7.66,4.72,3.26,9.35,1.59,5.17,1.67,3.51,2.03,6.87,0.15,12.42,41.87,,,,,27.78,159.9,137.55,70.08,1.86,Midstance,Midstance,Midswing,Midswing
169,3.06,8.65,1.53,9.76,4.45,2.35,7.82,0.36,5.08,2.23,4.47,1.1,6.19,1.52,12.03,44.05,136.98,89.99,88.27,15.1,26.36,163.29,137.83,69.53,3.11,Terminal Swing,Terminal Swing,Midswing,Midswing
170,4.28,7.53,1.62,8.93,4.61,3.08,10.18,2.25,5.43,2.89,4.04,2.28,5.2,3.4,12.79,45.58,,,86.52,11.38,24.64,164.58,138.94,69.32,2.87,Terminal Swing,Terminal Swing,Midswing,Midswing
171,4.26,5.64,5.12,9.09,5.51,2.79,11.21,2.2,5.93,1.92,2.51,1.26,4.68,4.79,15.15,47.03,,,,12.27,23.92,167.43,142.98,71.73,2.08,Terminal Swing,Terminal Swing,Midswing,Midswing
172,3.89,5.25,2.91,8.99,5.06,2.39,9.37,2.39,5.36,2.43,1.76,3.9,4.68,3.78,7.41,46.85,,,83.73,12.27,23.96,173.86,149.09,75.24,5.56,Terminal Swing,Terminal Swing,Terminal Swing,Midswing
173,3.63,4.71,3.75,6.94,5.99,0.85,8.99,3.15,4.97,1.21,0.41,1.82,5.37,2.68,5.34,47.9,,,,12.65,23.43,177.56,152.53,80.01,12.92,Terminal Swing,Terminal Swing,Terminal Swing,Midswing
174,3.04,4.21,2.19,5.47,6.38,0.1,5.42,1.33,3.9,0.44,2.52,0.28,4.62,3.37,3.93,49.31,140.6,130.93,82.49,6.48,23.33,179.07,153.79,83.56,11.35,Terminal Swing,Terminal Swing,Terminal Swing,Midswing
175,2.6,3.87,0.3,0.27,7.15,0.93,4.12,0.35,3.26,0.65,1.89,5.36,3.77,4.5,3.17,49.19,,,,13.59,23.78,183.06,157.46,93.15,22.59,Terminal Swing,Terminal Swing,Terminal Swing,Midswing
176,1.74,4.44,7.65,6.9,6.85,0.71,3.52,358.6,1.68,1.37,0.91,5.82,3.94,4.39,0.11,49.42,147.53,149.46,80.97,8.93,24.2,183.66,156.37,100.29,28.41,Terminal Swing,Terminal Swing,Terminal Swing,Midswing
177,1.53,5.08,15.83,8.88,5.89,0.33,0.78,355.03,0.8,1.61,0.13,5.48,3.12,6.02,3.16,48.8,150.5,156.91,80.38,15.29,25.3,182.67,154.41,107.21,15.52,Terminal Swing,Terminal Swing,Terminal Swing,Midswing
178,0.53,4.31,17.53,11.49,5.45,1.41,1.43,356.76,1.56,1.95,0.19,1.12,2.16,7.46,2.96,46.77,155.92,163.88,82.73,14.03,24.71,181.16,148.93,,,Terminal Swing,Terminal Swing,Terminal Swing,Midswing
179,1.2,5.38,18.39,9.06,5.51,2.7,2.05,5.44,2.03,1.93,0.99,1.01,1.37,9.35,7.31,46.73,157.61,165.72,80.93,13.1,25.13,178.85,141.55,120.87,19.55,Terminal Swing,Terminal Swing,Terminal Swing,Terminal Swing
180,1.47,5.43,18.7,9.33,4.31,5.33,0.15,7.55,3.06,2.13,0.61,0.15,0.91,10.4,7.61,46.22,159.94,167.16,80.99,9.18,25.75,176.04,134.66,124.23,4.63,Toe Off,Toe Off,Terminal Swing,Terminal Swing
181,1.95,5.24,18.14,8.87,3.77,8.75,2.92,7.83,2.23,2.52,1.55,6.43,0.77,11.25,1.61,45.98,159.9,165.73,83.06,6.4,27.62,172.82,126.78,122.12,3.4,Midswing,Midswing,Initial Strike,Initial Strike
182,2.11,4.07,12.6,1.47,2.52,11.72,7.05,11.42,1.2,1.88,0.73,5.89,0.65,13.27,16.67,47.92,158.71,165.31,86.5,4.8,28.5,172.4,120.14,119.41,0.99,Midswing,Midswing,Loading Response,Loading Response
183,2.16,2.16,6.11,1.45,1.91,13.3,10.1,14.12,1.33,0.97,0.11,2.94,0.96,15.03,10.02,48.98,159.22,165.24,87.19,2.88,29.52,169.74,114.52,115.65,0.8,Midswing,Midswing,Loading Response,Loading Response
184,2.68,2.52,4.62,3.97,1.69,14.76,15.29,17.32,1.51,1.02,0.15,9.43,1.02,16.29,6.67,47.52,159.53,159.61,82.23,2.77,31.64,167.91,109.94,114.46,3.04,Midswing,Midswing,Loading Response,Loading Response
185,2.82,2.63,2.86,4.06,2.28,14.49,19.2,17.02,1.17,2.02,1.13,10.77,1.38,16.47,6.99,45.78,,,,2.94,33.07,,,,2.03,Midswing,Midswing,Loading Response,Loading Response
186,2.97,2.46,2.33,5.77,2.28,11.72,18.87,20.75,,0.91,0.72,10.99,2.09,15.16,7.28,43.39,158.07,149.73,76.49,1.38,33.61,159.54,99.82,107.99,1.15,Midswing,Midswing,Loading Response,Loading Response
187,2.33,2.04,3.85,5.8,2.43,8.6,16.13,21.02,,2.94,1.37,10.18,,,3.63,41.13,155.19,146.18,75.99,6.2,33.86,156.16,97.1,104.6,5.13,Midswing,Midswing,Loading Response,Loading Response
188,2.32,1.61,3.41,5.88,2.49,6.2,14.64,16.8,,2.96,1.04,10.44,1.01,12.1,1.81,38.59,153.85,143.65,71.2,4.9,34.24,154.13,99.45,102.05,6.63,Midswing,Midswing,Loading Response,Loading Response
189,2.78,1.86,2.46,4.18,2.45,4.33,12.73,17.26,0.55,2.08,0.01,10.13,1.92,9.04,15.29,35.69,153.85,144.05,72.48,10.98,35.04,148.54,97.22,96.03,6.31,Midswing,Midswing,Loading Response,Loading Response
190,2.51,1.66,4.55,3.3,2.36,2.77,10.96,16.23,1.42,2.15,0.4,12.74,2.42,5.88,11.66,32.25,,,,7.91,36.1,147.07,99.46,95.69,,Midswing,Midswing,Loading Response,Loading Response
191,2.67,2.11,4.57,5.29,2.72,1.44,9.97,11.65,2.32,2.5,0.7,11.04,3.53,3.33,8.03,29.35,156.45,144.21,70.62,,37.72,144.15,101.77,86.99,37.6,Midswing,Midswing,Midstance,Midstance
192,3.03,2.51,3.9,6.11,3.37,0.71,8.19,11.76,2.34,1.51,0.81,11.3,4.69,0.23,5.55,26.67,160.83,147.06,70.37,17.95,38.35,142.57,106.52,84.82,10.63,Midswing,Midswing,Terminal Stance,Terminal Stance
193,2.95,2.34,2.89,5.22,2.9,0.13,7.96,9.05,1.71,1.47,1.13,10.26,5.11,1.37,5.41,24.53,,,,14.96,39.36,139.19,111.33,83.49,10.03,Midswing,Midswing,Terminal Stance,Terminal Stance
194,3.37,4.22,6.53,2.6,2.96,0.02,8.07,5.67,1.91,2.27,0.12,8.98,4.6,1.37,1.78,23.64,170.7,155.19,72.13,16.14,40.47,138.31,118.93,81.09,7.41,Terminal Swing,Midswing,Terminal Stance,Terminal Stance
195,3.45,4.64,6.11,3.78,2.59,0.1,6.77,3.28,2.85,2.97,0.76,8.68,4.08,1.39,0.64,22.95,,,,24.1,41.66,138.83,126.94,81.15,10.31,Terminal Swing,Midswing,Terminal Stance,Terminal Stance
196,3.58,4.82,5.73,5.91,1.95,0.52,4.87,1.35,3.59,3.28,1.64,5.39,3.2,0.34,4.84,22.66,,,,23.35,42.07,141.03,136.3,80.95,9.59,Terminal Swing,Midswing,Terminal Stance,Terminal Stance
197,4.22,6.35,7.84,6.41,2.14,0.36,0.11,358.65,4.79,2.82,0.65,4.18,2.78,0.02,2.49,21.91,175.67,157.69,84.28,28.92,42.7,143.3,144.5,80.66,14.42,Terminal Swing,Midswing,Terminal Stance,Terminal Stance
198,4.1,5.81,7.68,5.24,1.37,0.27,3.05,353.75,5.74,1.79,0.83,4.97,2.34,0.58,0.11,21.47,178.06,159.1,91.3,34.66,43.8,144.44,150.04,80.2,15.05,Terminal Swing,Midswing,Terminal Stance,Terminal Stance
199,3.53,4.39,7.61,3.64,1.25,0.02,5.36,353.66,5,0.9,2.48,4.44,2.36,0.75,0.56,22.02,176.89,155.01,99.74,43.32,44.01,145.94,154.52,80.37,17.99,Terminal Swing,Midswing,Terminal Stance,Terminal Stance
200,2.71,2.92,9.27,3.04,1.54,0.22,4.81,354.55,4.91,0.77,2.6,3.76,3.57,0.71,1.01,22.34,175.83,150.42,106.71,43.3,43.78,147.4,157.47,80.05,13.13,Terminal Swing,Midswing,Terminal Stance,Terminal Stance
201,1.98,1.67,9.5,1.84,2.33,0.88,3.57,355.05,5.14,0.01,2.58,2.45,4.43,1.83,2.88,23.03,172.77,142.58,114.18,30.4,44.03,148.6,158.48,77.83,14.87,Terminal Swing,Terminal Swing,Terminal Stance,Terminal Stance
202,1.6,0.19,9.53,2.28,3.19,1.41,1.56,354.15,5.03,0.06,2.4,1.21,4.81,,,24.04,170.3,135.13,119.03,21.13,44.11,150.36,159.36,77.55,14.51,Terminal Swing,Terminal Swing,Terminal Stance,Terminal Stance
203,1.38,0.77,10.73,3.63,4.02,1.03,1.67,356.28,5.18,0.19,0.53,5.45,4.66,1.02,0.91,24.22,167.33,126.84,119.66,7.72,43.85,152.57,158.37,79.06,20.55,Initial Strike,Initial Strike,Toe Off,Toe Off
204,0.64,0.18,11.5,4.05,4.51,0.23,1.34,357.21,4.88,0.03,0.59,3.98,4.45,,,24.98,165.16,118.14,147.58,101.25,43,155.8,159.3,82.92,16.28,Loading Response,Loading Response,error,error
205,0.05,0.96,14.24,3.86,4.5,0.49,4.21,358.38,3.61,0.17,0.28,0.65,4.81,,,25.95,161.05,108.56,114.51,9.89,43.2,155.19,154.73,82.74,11.19,Loading Response,Loading Response,Midswing,Midswing
206,0.01,3.74,15.58,2.1,4.79,0.26,4.61,359.8,3.72,0.28,2.48,4.35,4.7,1.88,2.24,27.15,157.15,99.94,152.63,106.15,42.15,152.88,148.41,82.62,11.44,Loading Response,Loading Response,error,error
207,0.04,6.42,14.14,4.23,4.06,1.54,6.2,0.67,3.94,0.36,1.62,2.43,3.96,0.51,1.85,28.44,150.95,92.88,107.48,6.26,40.97,154.05,145.07,82.61,8.61,Loading Response,Loading Response,Midswing,Midswing
208,0.53,6.34,8.94,5.89,4.39,1.49,6.8,1.42,,0.08,2.7,6.28,2.3,4.18,9.85,30.96,148.21,87.79,106.13,7.91,39.83,157.55,145.11,78.9,5.77,Loading Response,Loading Response,Midswing,Midswing
209,1.13,10.2,8.84,10.01,4.54,1.76,8.36,1.02,,1.79,6.28,1.18,1.88,4.92,9.14,33.18,145.27,83.06,103.47,10.74,38.34,156.62,139.3,74.87,5.14,Loading Response,Loading Response,Midswing,Midswing
210,1.68,15.43,11.41,11.45,5.14,1.83,9.82,1.4,7.05,0.29,7.82,13.45,1.8,6.31,12.76,35.17,142.68,78.48,99.45,7.11,36.69,153.2,133.5,70.63,0.08,Loading Response,Loading Response,Midswing,Midswing
211,1.97,19.63,13.98,11.58,4.32,3.87,11.71,0.39,,1.05,4.06,14.02,3.12,5.63,13.94,36.51,137.75,75.5,96.95,12.13,34.7,150.19,129.36,70.16,6.54,Loading Response,Loading Response,Midswing,Midswing
212,2.3,16.91,9.39,10.37,4.69,3.98,12.74,1.28,,0.63,1.92,13.18,3.89,4.65,13.85,37.79,136.3,76.6,95.26,,32.74,152.57,129.35,69.97,8.5,Loading Response,Loading Response,Midswing,Midswing
213,2.57,15.59,9.41,8.72,4.44,5.17,14.32,359.78,4.81,1.02,3.55,2.07,4.94,2.81,13.34,40.52,135.76,79.57,89.49,7.41,31.2,156.36,132.01,68.92,4.79,Midstance,Midstance,Midswing,Midswing
214,3.05,10.8,5.3,7.48,4.61,4.84,13.2,359.94,2.75,0.85,0.73,1.94,4.77,3.45,11.23,41.66,131.34,81.12,90.94,30.3,29.51,161.17,133.89,67.36,3.83,Terminal Stance,Terminal Stance,Midswing,Midswing
215,2.73,7.5,0.42,8.71,4.69,4.94,12.68,0.06,3.28,0.87,0.54,2.5,4.45,4.13,10.71,43.89,130.3,86.14,87.73,12.81,28.44,164.05,134.29,67.33,7.16,Terminal Stance,Terminal Stance,Midswing,Midswing
216,2.7,4.9,1.32,7.14,5.14,5.25,12.86,359.51,3.62,0.52,1.19,2.14,5.2,3.28,8.63,44.79,128.88,90.98,86.76,13.3,27.33,166.63,137.93,67.48,0.58,Terminal Stance,Terminal Stance,Midswing,Midswing
217,2.87,3.5,2.17,5.26,5.92,4.07,14.42,0.63,2.94,0.11,0.93,1.16,4.96,2.63,2.37,46.87,,,85.35,7.61,26.61,171.74,142.75,71.4,1.1,Terminal Stance,Terminal Stance,Midswing,Midswing
218,2.66,2.71,2.88,7.92,6.4,2.52,10.75,1.39,3.29,1.76,4.61,2.08,4.14,3.44,3.66,47.96,125.57,105.85,85.1,16.32,26.6,175.28,146.81,73.07,1.37,Terminal Stance,Terminal Stance,Terminal Swing,Midswing
219,2.48,2.46,2.33,5.47,6.79,1.18,7.04,0.73,2.27,0.98,4.81,1.86,3.87,3.31,2.25,48.02,,,84.61,12.73,26.1,177.76,150.06,76.79,12.75,Terminal Stance,Terminal Stance,Terminal Swing,Midswing
220,1.77,1.28,0.72,2.62,7.08,0.17,2.45,358.51,1.15,0.93,4.75,3.96,3.58,3.08,0.52,49.2,140.67,131.53,85.76,12.59,25.62,181.74,153.86,81.77,14.69,Terminal Stance,Terminal Stance,Terminal Swing,Midswing
221,1.36,1.44,3.83,1.66,7.33,1.17,0.07,356.4,0.83,0.83,4.26,0.9,3,3.17,0.17,50.86,142.37,139.47,85.49,14.63,25.73,182.84,154.95,86.78,11.54,Terminal Stance,Terminal Stance,Terminal Swing,Midswing
222,1.4,2.97,12.28,5.29,6.87,0.88,1.53,354.41,0.2,0.03,2.61,5.06,3,3.43,0.11,50.61,146.45,149.04,83.43,7.88,25.19,183.85,154.34,100.79,23.2,Terminal Stance,Terminal Stance,Terminal Swing,Midswing
223,1.77,3.96,17.57,9.46,6.47,0.54,4.05,357.67,1.96,0.64,1.65,6.45,2.17,3.92,3.74,50.96,150.02,157,82.87,7.44,25.46,182.29,151.24,,,Terminal Stance,Terminal Stance,Terminal Swing,Midswing
224,2.08,5.24,20.03,11.21,5.87,0.63,5.76,359.98,0,0.57,1.54,2.28,1.48,4.95,6.74,50.46,152.64,160.52,83.7,9.59,25.29,178.93,144.59,117.14,24.69,Terminal Stance,Terminal Stance,Terminal Swing,Midswing
225,2.08,5.72,20.91,11.68,5.23,2.29,4.54,5.13,0.29,1.11,1.15,1.73,1.29,5.53,9.52,50.8,153.67,162.41,84.48,7.28,25.1,176.36,137.07,119.34,3.54,Toe Off,Toe Off,Terminal Swing,Terminal Swing
226,2.05,4.68,18.09,8.55,4.43,4.23,1.08,9.44,0.37,1.06,0.39,5.13,1.37,5.29,10.66,51.19,154.88,161.99,86.41,7.86,25.38,172.44,128.3,121.25,6.46,Initial Swing,Midswing,Initial Strike,Initial Strike
227,2.11,2.57,10.62,2.3,3.57,6.6,3.43,14.1,0.31,1.23,0.3,3.68,1.21,7.19,38.36,52.34,155.17,161.19,86.84,0.46,27.38,170.38,120.25,117.67,2.13,Midswing,Midswing,Loading Response,Loading Response
228,2.27,1.43,5.73,0.73,2.43,10.77,10.83,16.9,0.9,1.51,1.12,2.86,1.35,9.32,19.74,53.32,155.21,159.64,85.36,0.68,26.76,168.91,113.97,112.45,1.36,Midswing,Midswing,Loading Response,Loading Response
229,3.18,1.94,4.23,2.38,2.16,11.42,16.01,23.33,1.81,1.87,0.56,3.65,1.5,10.53,0.1,52.82,155.76,157.5,82.96,4.33,27.36,166.91,109.74,111.9,1.99,Midswing,Midswing,Loading Response,Loading Response
230,3.09,1.41,2.39,4.43,1.43,12.94,20.89,25.21,0.96,1.79,1.14,5.68,2.34,9.28,3.7,50.91,156.07,152.02,80.1,3.45,28.1,163.09,104.35,109.48,3.31,Midswing,Midswing,Loading Response,Loading Response
231,3.57,1.87,1.37,4.5,1.64,9.49,18.88,29.07,1.91,1.66,1.48,7.14,3.64,7.67,0.09,50.48,155.2,147.9,76.55,2.58,27.32,157.75,97.73,104.47,2.01,Midswing,Midswing,Loading Response,Loading Response
232,3.55,1.85,1.78,4.86,1.98,7.14,17.09,26.62,0.2,1.17,1.67,12.45,4.15,6.07,1.38,47.85,152.24,143.98,76.27,3.56,29.36,153.87,94.33,101.44,3.42,Midswing,Midswing,Loading Response,Loading Response
233,2.99,1.27,3.14,5.13,2.52,3.64,12.64,22.32,1.53,1.39,2,13.12,3.59,4.04,5.57,46.49,153.72,143.93,73.5,5.64,30.92,150.28,93.47,99.49,6.52,Midswing,Midswing,Loading Response,Loading Response
234,3.46,1.96,3.91,4.09,2.53,2.14,11.7,15.15,0.16,2.86,0.11,8.52,3.25,2.49,6.31,44.47,155.68,146,72.13,2.44,31.52,146.22,92.58,95.01,4.73,Midswing,Midswing,Loading Response,Loading Response
235,3.5,2.37,4.18,3.54,2.45,0.1,7.32,13.7,1.3,2.16,1.4,10.41,1.78,3.05,9.21,41.72,157.38,145.75,70.93,6.89,33.3,140.9,91.86,92.44,5.34,Midswing,Midswing,Midstance,Midstance
236,3.74,2.89,6.05,3.85,2.36,0.21,7.65,14.3,2.64,3.1,0.64,13,3.92,0.87,9.09,37.74,159.8,145.84,69.04,6.15,33.92,139.34,95.27,86.27,38.84,Midswing,Midswing,Terminal Stance,Terminal Stance
237,4.04,2.83,4.48,5.37,1.39,0.04,6.51,10.99,3.81,3.5,0.06,11.13,3.66,1.21,7.47,34.81,164.79,148.79,72.14,22.01,35.32,139.67,101.36,84.25,14.73,Midswing,Midswing,Terminal Stance,Terminal Stance
238,4.22,4.28,6.68,4.64,1.12,1.24,8.43,11.66,4.23,4.02,0.08,11.02,3.57,2.06,0.71,32.59,,,,8.76,36.13,140.13,107.3,83.19,15.22,Midswing,Midswing,Terminal Stance,Terminal Stance
239,4.48,4.74,6.66,3.75,1.39,1,10.43,6.5,4.75,4.4,0.73,13.05,4.31,3.3,3.49,29.98,,,,18.83,37.3,138.3,114.25,82.08,11.78,Midswing,Midswing,Terminal Stance,Terminal Stance
240,4.69,5.69,7.25,3.49,1.28,0.32,10.26,4.81,6.45,4.75,0.85,7.81,3.58,2,2.31,29.35,176.84,159.66,78.22,21.56,38.64,138.11,122.23,81.95,8.47,Terminal Swing,Midswing,Terminal Stance,Terminal Stance
241,4.96,6.23,5.42,5.01,0.32,1.26,9.33,3.48,6.64,4.75,1.19,3.71,3.33,2.23,2.83,27.86,179.43,162.47,85.2,30.72,39.23,138.76,130.34,81.99,8.99,Terminal Swing,Midswing,Terminal Stance,Terminal Stance
242,5.1,5.8,5.19,6.65,0.09,1.07,7.98,1.22,6.87,4.11,0.14,6.25,3.05,2.07,2.17,27.26,180.1,162.08,90.47,33.26,39.81,142.24,140.54,82.48,14.49,Terminal Swing,Midswing,Terminal Stance,Terminal Stance
243,4.49,4.89,7.43,4.57,0.16,1.35,4.56,358.25,6.11,3.28,1.29,1.26,3.52,2.23,2.92,26.57,,,,39.05,40.44,144.55,149,82.16,22.09,Terminal Swing,Midswing,Terminal Stance,Terminal Stance
244,3.78,3.21,7.3,2.7,0.36,0.62,3.12,352.96,5.98,2.68,2.62,1.78,3.71,1.79,6.02,25.55,179.46,154.37,103.45,43.3,40.89,147.32,155.76,80.68,12.25,Terminal Swing,Midswing,Terminal Stance,Terminal Stance
245,3.28,1.89,8.39,1.05,,,5.21,352.47,6.02,1.57,3.44,1.82,4.51,2.6,2.85,25.56,178.14,148.78,111.76,42.52,40.82,148.63,159.44,79.71,12.2,Terminal Swing,Midswing,Terminal Stance,Terminal Stance
246,2.89,0.66,7.1,3.88,0.98,0.02,6.39,353.02,5.38,1.44,3.5,3.92,4.8,2.93,3.07,24.96,175.95,140.81,115.45,29.47,40.97,149.4,160.68,78.48,11.99,Terminal Swing,Midswing,Terminal Stance,Terminal Stance
247,2.57,0.96,9.29,0.56,1.63,0.18,3.11,352.98,4.33,1.5,2.61,5.01,4.97,2.51,2.79,25.15,172.48,132.08,116.09,15.09,40.99,152.17,162.07,79.12,11.73,Terminal Swing,Terminal Swing,Toe Off,Toe Off
248,2.1,1.49,9.81,1.11,2.66,0.38,2.2,352.97,4.52,1.49,1.79,3.09,5.36,2.95,3.8,25.69,168.71,122.39,114.77,9.69,40.89,153.12,162.41,81.11,8.77,Initial Strike,Initial Strike,Initial Swing,Midswing
249,1.71,0.74,8.78,0.46,3.19,0.08,0.47,357.18,4.39,1.35,4.23,19.07,5.4,3.42,0.16,26.15,165.43,,,10.77,40.59,154.93,161.64,86,12.57,Loading Response,Loading Response,Midswing,Midswing
250,0.98,0.83,10.01,1.53,,,5.91,359.14,2.83,1.88,0.83,1.29,4.71,1.94,4.23,27.23,162.56,105.41,107.77,4.93,39.28,154.71,155.5,85.25,9.92,Loading Response,Loading Response,Midswing,Midswing
251,0.94,3.01,9.27,5.3,4.08,0.35,5.39,0.4,3.17,2.5,2.12,9.03,4.64,1.89,4.6,28.58,158.55,97.83,106.01,4.5,38.98,175.01,193.5,105.13,6.79,error,error,Midswing,Midswing
252,1.33,4.9,6.18,11.02,4.51,0.09,4.76,0.64,,1.33,0.09,125.54,4.73,1.37,6.11,31.11,153.41,91.72,104.69,5.84,37.78,171.84,184.74,103.15,11.47,error,error,Midswing,Midswing
253,1.78,8.19,4.64,14.46,4.14,0.31,4.58,1.16,,1.2,1.82,171.7,3.33,0.89,5.57,33,150.5,87.4,102.41,5.56,35.89,158.22,146.19,80.24,15.83,Loading Response,Loading Response,Midswing,Midswing
254,2.19,11.51,4.39,16.15,3.89,1.58,6.64,0.67,,0.83,1.21,53.01,3.66,1.86,10.55,35.04,144.53,80.8,99.76,6,34.08,152.53,138.45,77.7,15.83,Loading Response,Loading Response,Midswing,Midswing
255,3.55,16.47,5.47,15.09,3.58,2.39,6.84,0.26,,2.12,2.19,1.92,3.46,2.39,7.56,36.88,140.93,78.87,97.28,9.85,32.46,151.75,134.95,74.19,4.61,Loading Response,Loading Response,Midswing,Midswing
256,4,21.33,10.78,12.61,3.51,3.33,8.93,359.92,,3.62,3.79,14.6,4.4,1.58,9.46,38.56,138.68,79.11,95.11,10.74,30.67,150.74,132.31,71.2,12.97,Loading Response,Loading Response,Midswing,Midswing
257,4.36,18.4,10.41,7.55,2.73,4.32,9.22,0.65,6.06,1.18,0.29,6.42,4.79,1.28,13.47,41.78,135.37,79.47,92.53,,29.29,152.3,132.08,69.21,8.46,Loading Response,Loading Response,Midswing,Midswing
258,4.29,14.48,8.98,7.98,2.14,6.16,11,359.83,5.69,0.38,2.19,2.07,4.86,0.56,10.22,43.89,136.63,83.04,87.71,3.61,26.64,157.85,135.47,68.65,11.88,Midstance,Midstance,Midswing,Midswing
259,4.14,10.65,5.74,4.54,1.83,4.73,7.45,359.98,,1.34,0.43,2.7,5.38,0.69,11.62,45.14,130.08,84.1,87.9,25.22,25.72,162.09,137.29,67.53,11.64,Terminal Stance,Terminal Stance,Midswing,Midswing
260,4.67,8.66,2.67,4,2.51,5.38,11.4,0.15,4.9,0.68,1.27,4.63,4.7,1.62,13.5,46.47,,,87.37,8.65,24.54,162.26,135.73,68.28,,Terminal Stance,Terminal Stance,Midswing,Midswing
261,4.93,6.16,0.41,3.21,3.28,5.87,13.53,1.02,3.59,0.9,1.12,2.3,4.58,1.93,11.12,48.85,,,85.92,11.69,25.46,165.84,141.75,72.61,3.05,Terminal Stance,Terminal Stance,Midswing,Midswing
262,4.65,4.37,1.96,4.78,3.06,4.76,10.44,1.85,4.51,0.09,2.37,2.74,3.04,3.48,7.44,49.82,,,,8.54,24.56,170.27,144.96,73.78,1.51,Terminal Stance,Terminal Stance,Midswing,Midswing
263,4.19,4.07,1.18,6.93,3.27,3.41,8.99,1.28,3.69,2.07,0.46,2.13,3.64,1.89,3.02,52.11,,,,8.91,25.5,175.14,149.9,76.36,13.6,Terminal Stance,Terminal Stance,Terminal Swing,Midswing
264,3.76,3.93,1.04,3.12,4.14,1.8,5.77,2.17,1.84,1.47,1.82,2.59,2.9,2.62,3.26,52.18,139.62,127.76,85.47,5.91,25.23,177.44,152.73,82.84,14.1,Terminal Stance,Terminal Stance,Terminal Swing,Midswing
265,3.23,2.42,1.5,0.88,4.75,0.16,0.76,358.9,2.26,0.55,2.8,2.93,3.03,1.8,0.47,52.2,143.73,139.15,86.03,7.92,25.52,180.15,154.12,87.78,,Terminal Stance,Terminal Stance,Terminal Swing,Midswing
266,3.03,3.44,9.19,2.92,4.71,0.15,1.28,357.72,0.39,1.99,1.38,0.02,2.49,2.54,0.33,52.86,146.5,147.38,84.35,9.45,25.82,180.1,153.08,94.34,11.71,Terminal Stance,Terminal Stance,Terminal Swing,Midswing
267,3.06,3.35,11.15,8.41,5.18,0.76,3.02,355.89,0.48,2.57,0.02,4.91,2.03,2.74,0.53,52.74,150.76,156.5,83.51,11.65,27.5,179.94,151.93,103.69,,Terminal Stance,Terminal Stance,Terminal Swing,Midswing
268,3.22,4.51,13.05,11.18,4.31,0.34,5.93,359.68,1.94,2.2,0.01,3.72,1.29,3.23,5.36,51.93,154.09,162.66,82.98,15.42,27.5,178.77,147.18,,,Terminal Stance,Terminal Stance,Terminal Swing,Midswing
269,3.31,5.33,14.48,9.86,4.23,0.04,6.57,4.68,1.53,2.02,0.22,3.65,1.52,3.03,7.76,50.38,157.85,166.65,83.39,13.05,28.04,176.49,140.76,,,Terminal Stance,Terminal Stance,Terminal Swing,Terminal Swing
270,3.07,5.27,13.8,8.96,3.71,1.34,5.18,10.86,1.24,2.34,0.12,2.44,0.76,4.79,12.3,,,167.36,85.64,13.74,28.46,175.44,134.83,119.23,0.4,Toe Off,Toe Off,Terminal Swing,Terminal Swing
271,3.36,5.3,12.27,8.88,2.34,3.88,1.75,8.79,0.3,1.64,0.53,2.72,0.06,6.37,14.48,52.19,156.86,167.67,86.53,4.88,27.58,172.57,126.99,120.45,6.63,Midswing,Midswing,Initial Strike,Initial Strike
272,3.16,2.6,5.19,1.33,1.04,6.94,3.54,16.35,0.93,1.41,0.84,4.42,0.26,7.16,15.17,50.3,157.49,166.88,74.08,123.46,28.94,169.91,119.17,115.21,1.31,Midswing,Midswing,error,error
273,3.25,1.65,1.17,1.42,0.97,9.18,10.05,19.19,2.36,2.27,0.35,1.72,1.06,6.87,4.25,50.67,158.34,165.06,88.17,0.8,30.19,168.46,113.53,112.43,6.42,Midswing,Midswing,Loading Response,Loading Response
274,4.09,1.47,2.59,3.5,0.72,9.24,13.02,23.98,1.88,3.38,0.16,5.93,0.18,9.74,4.31,47.59,160.18,162.19,85.23,0.27,31.5,164.43,106.65,109.36,2.1,Midswing,Midswing,Loading Response,Loading Response
275,4.97,2.23,3.07,3.84,0.81,9.27,16.48,26.27,2.81,3.09,0.25,8.58,2.68,6.91,6.43,46.78,160.29,158.16,82.54,3.79,32.38,160.16,101.07,107.67,0.15,Midswing,Midswing,Loading Response,Loading Response
276,4.41,1.77,2.3,3.86,1.82,4.95,14.59,23.76,0.16,2.72,0.61,8.11,3.66,5.22,0.5,44.4,157.94,151.93,79.49,7.72,33.87,157.96,97.96,106.63,2.36,Midswing,Midswing,Loading Response,Loading Response
277,3.8,0.72,3.02,4.29,2.66,2.15,12.77,20.17,0.58,2.6,0.83,5.85,1.95,4.88,2.37,41.99,,,,1.94,34.23,151.59,93.86,103.09,5.41,Midswing,Midswing,Loading Response,Loading Response
278,3.64,0.81,1.1,5.77,2.29,0.06,9.55,14.64,0.34,2.35,1.06,2.82,4.06,0.2,3.3,39.78,158.01,151.94,77.37,2.84,35.04,146.31,91.63,101.04,5.46,Midswing,Midswing,Loading Response,Loading Response
279,3.95,0.91,0.92,4.1,2.49,1.34,7.09,13.14,0.28,1.93,2.03,4.21,2.3,0.74,4.86,36.56,155.29,147.42,73.22,0.08,35.8,143.38,90,,,Midswing,Midswing,Loading Response,Loading Response
280,3.97,1.13,0.54,4.29,3.99,3.81,5.9,11,1.38,4,0.94,6.27,3.86,2.59,10.16,33.38,,,,5.14,36.84,143.33,94.33,97.52,18.32,Midswing,Midswing,Midstance,Midstance
281,4.42,1.78,0.4,3.83,3.55,3.81,4.75,13.15,2.22,4.18,1.07,10.41,5.32,4.56,10.51,30.39,,,,9.57,37.88,140.24,96.12,90.11,,Midswing,Midswing,Terminal Stance,Terminal Stance
282,4.91,2.39,1.41,4.28,4.33,4.96,4.69,12.22,3,4.16,1.32,10.01,6.47,6.39,6.4,28.7,,,,14.26,39.13,137.67,98.86,84.86,4.84,Midswing,Midswing,Terminal Stance,Terminal Stance
283,5.08,3.22,2.2,3.33,3.62,3.86,6.41,15.36,3.5,4.19,1.8,10.33,6.69,6.42,5.23,27.64,,,,14.44,39.83,136.37,105.14,84.1,7.54,Midswing,Midswing,Terminal Stance,Terminal Stance
284,5.95,4.42,3.58,1.85,3.78,2.9,8.74,13.57,2.95,4.1,3.29,12.32,6.88,6.61,1.95,27.04,,,,17.32,41.25,135.17,111.73,82.97,5.07,Terminal Swing,Midswing,Terminal Stance,Terminal Stance
285,6.52,5.3,4.46,0.01,4.45,2.69,9.56,8.13,3.31,5.72,0.82,9.89,6.01,4.48,3.49,27.09,,,,20.78,42.21,137.66,121.82,82.92,10.31,Terminal Swing,Midswing,Terminal Stance,Terminal Stance
286,6.72,4.45,0.28,0.58,3.67,1.45,9.73,4.93,4.5,5.7,0.71,4.95,5.47,3.9,3.86,26.43,177.28,163.01,87.24,31,43.02,138.62,130.56,79.9,5.03,Terminal Swing,Midswing,Terminal Stance,Terminal Stance
287,6.44,4.96,2.35,3.08,1.5,1.46,8.23,359.88,4.32,5.01,1.49,3.16,5.59,,,26.59,,,,34.05,44.09,142.65,141.09,82.07,14.94,Terminal Swing,Midswing,Terminal Stance,Terminal Stance
288,5.63,3.8,1.09,5.97,2.24,0.43,0.24,355.51,4.74,3.41,3.46,1.72,5.72,,,26.89,,,,42.01,44.47,144.97,150.02,83.01,175.35,Terminal Swing,Midswing,Terminal Stance,Terminal Stance
289,4.6,2.23,0.87,6.87,2.25,0.21,7.39,350.9,5.04,2.5,5.13,0.47,6.26,,,27.87,175.49,153.77,106.1,44.28,45.07,148.51,156.88,80.39,14.72,Terminal Swing,Midswing,Terminal Stance,Terminal Stance
290,3.96,0.31,2.02,5.32,2.5,0.39,9.47,348.18,6.34,1.12,6.31,2.37,6.05,3.37,2.54,28.47,172.92,146.14,111.1,43.46,45.4,149.94,160.47,80.14,11.06,Terminal Swing,Midswing,Terminal Stance,Terminal Stance
291,3.16,2.07,2.86,4.55,3.16,1.33,11.38,349.39,6.35,0.9,5.8,6.83,6.6,,,28.69,171.07,138.89,116.24,25.66,45.03,150.36,161.34,77.47,7.89,Terminal Swing,Terminal Swing,Terminal Stance,Terminal Stance
292,2.11,3.46,5.3,7.02,3.86,1.33,8.94,352.47,5.33,0.59,6.11,1.81,6.99,5.16,0.58,29.18,169.55,132.02,119.81,10.19,44.95,153.18,162.34,77.08,15.37,Terminal Swing,Terminal Swing,Toe Off,Toe Off
293,1.17,3.87,8.42,1.19,4.7,0.81,5.37,352.9,4.07,0.46,5.04,1.13,7.4,,,29,166.06,122.51,117.78,6.54,44.48,153.32,161.22,81.21,169.52,Initial Strike,Initial Strike,Initial Swing,Midswing
294,0.66,4.85,,,5.13,0.73,1.75,354.92,4.12,0.12,5.93,3.5,7.86,,,30.66,161.64,112.01,113.52,9,43.61,155.61,158.7,81.8,16.46,Loading Response,Loading Response,Midswing,Midswing
295,0.19,5.69,6.51,2.02,4.78,0.51,1.6,359.2,3.93,0.48,7.06,4.55,7.85,,,31.66,159.08,105.69,109.52,5.3,43.03,155.87,155.62,82.24,12.6,Loading Response,Loading Response,Midswing,Midswing
296,0.05,2.42,8.57,1.21,5.53,0.83,1.24,0.79,4.37,1.26,6.51,3.91,7.72,,,33.29,154.9,98.33,106.33,7,41.61,155.42,149.73,80.89,7.31,Loading Response,Loading Response,Midswing,Midswing
297,0.63,2.03,8.95,0.87,5.2,0.13,2.79,0.8,,1.64,2.45,8.78,6.05,2.66,0.08,35.64,148.81,92.08,105.14,8.8,40.1,,,,11.19,Loading Response,Loading Response,Midswing,Midswing
298,0.88,7.22,10.36,5.93,5.69,0.18,3.56,2.21,,1.62,1.56,2.81,4.14,1.94,5.48,37.92,144.6,85.79,101.21,8.28,37.67,155.66,141.24,75.71,6.84,Loading Response,Loading Response,Midswing,Midswing
299,1.36,9.74,6.56,9.71,5.2,0.98,4.89,1.73,,1.38,0.36,7.03,2.83,5.63,11.29,39.13,142.41,81.79,98.75,8.65,35.78,156.5,138.77,73.03,4.51,Loading Response,Loading Response,Midswing,Midswing
300,1.88,16.45,12.05,11.76,5.3,1.25,5.87,2.39,,2.29,1.01,1.04,3.81,5.08,11.77,40.03,139.23,80.56,98.46,14.34,33.94,154.41,136.2,70.88,1.94,Loading Response,Loading Response,Midswing,Midswing
301,2.37,14.93,8.06,8.61,5.36,1.33,6.7,2.07,5.25,0.79,3.82,2.62,4.67,3.37,14.72,43.62,,,,,32.01,154.81,134.89,68.71,5.73,Loading Response,Loading Response,Midswing,Midswing
302,2.62,13.86,6.43,12.87,5.23,2.36,7.34,2.27,4.04,1.14,5.44,4.95,6.03,0.17,11.98,46.05,,,89.76,0.46,29.4,158.73,137.31,69.55,6.78,Midstance,Midstance,Midswing,Midswing
303,2.27,9.95,2.08,11.38,4.77,3.01,8.73,0.79,4.02,0.63,1.43,1.94,6.18,0.72,14.64,47.81,,,,31.15,27.92,163.99,139.16,67.67,2.98,Terminal Stance,Terminal Stance,Midswing,Midswing
304,3.02,7.43,1.87,11.16,5.28,1.83,7.69,1.4,4.53,1.91,4.11,4.24,4.84,2.91,15.92,49.74,,,,12.19,25.99,165.07,137.89,66.21,5.69,Terminal Stance,Terminal Stance,Midswing,Midswing
305,2.99,6.23,3.71,9.72,5.64,2.13,8.09,0.71,2.81,0.57,1.52,3.91,5.34,1.7,13.83,50.7,,,,15.59,25.94,169.22,144.39,69.92,2.92,Terminal Stance,Terminal Stance,Midswing,Midswing
306,3.32,5.38,4.43,9.15,5.89,1.17,7.64,1.44,2.98,0.55,0.76,2.41,5.02,1.64,8.84,52.66,134.92,106.96,87.45,11.29,24.43,174.77,149.37,71.67,0.88,Terminal Stance,Terminal Stance,Midswing,Midswing
307,3.07,5.63,3.06,11.34,6.78,0.8,7.06,2.8,2.25,0.16,1.15,3.8,4.41,2.39,6.37,54.43,135.89,116.77,86.33,10.07,24.37,179.37,154.98,77.05,8.77,Terminal Stance,Terminal Stance,Terminal Swing,Midswing
308,2.35,2.99,6.93,6.89,7.56,2.65,4.39,1.65,1.75,0.41,1.94,4.63,4.26,1.89,1.83,54.98,140.13,127.09,85.89,14.12,24.65,180.56,156.13,82.14,13.6,Terminal Stance,Terminal Stance,Terminal Swing,Midswing
309,1.58,3.14,1.66,2.03,8.74,4.23,2.65,2.89,2.06,0.37,1.24,3.1,4.27,1.67,1.36,55.15,142.65,136.57,86.14,11.33,25.12,183.42,158.62,89.46,23.81,Terminal Stance,Terminal Stance,Terminal Swing,Midswing
310,0.79,3.07,4.54,1.88,8.43,3.63,1.36,0.31,2.11,0.6,0.65,0.09,3.8,2.57,1.55,55.18,147.45,147.08,84,9.39,25.3,183.58,158.42,95.3,21.48,Terminal Stance,Terminal Stance,Terminal Swing,Midswing
311,0.46,4.37,13.76,5.23,6.64,1.69,0.2,356.76,3.1,0.37,0.21,6.54,3.21,3.79,1.8,53.22,151.92,154.59,81.39,3.05,25.14,184.04,156.43,104.72,25.62,Terminal Stance,Terminal Stance,Terminal Swing,Midswing
312,0.3,4.7,17.79,8.93,5.92,0.83,1.31,0.64,3.82,1.06,1.02,4.69,2.37,5.41,0.54,52.66,155.18,160.49,82.13,9.27,25.99,182.29,151.79,111.15,13.48,Terminal Stance,Terminal Stance,Terminal Swing,Midswing
313,1.54,6.29,17.8,6.38,5.35,1.05,0.4,4.77,2.63,0.15,0.11,6.5,2.03,6.4,5.41,52.3,158,164.58,81.4,7.12,25.95,179.68,144.28,112.28,,Terminal Stance,Terminal Stance,Terminal Swing,Midswing
314,1.84,6.22,14.23,6.55,4.7,2.97,2.05,11.32,2.07,0.39,0.52,2.31,2.31,7.49,9.9,51.37,160.02,166.27,81.89,2.4,26.2,176.44,135.82,117.23,5.92,Toe Off,Toe Off,Terminal Swing,Terminal Swing
